1986 COHMEX|1986 COHMEX
1987 DICK|1987 DICK
1989 NDTP|1989 NDTP
1989 PACE|1989 PACE
1990 NMEX|1990 NMEX
1991 CaPE|1991 CaPE
1991 COPS|1991 COPS
1992 RAPS|1992 RAPS
1993 NDTE|1993 NDTE
1994 TEXARC|1994 TEXARC
1994 VORTEX|1994 VORTEX
1995 VORTEX|1995 VORTEX
1997 NMEX|1997 NMEX
1998 MOLAS |1998 MOLAS
1998 TINT|1998 TINT
1999 TCAD|1999 TCAD
2000 STEPS|2000 STEPS
2002 CHILL-TEX|2002 CHILL-TEX
2003 CHILL-TEX|2003 CHILL-TEX
2003 JPOLE/TELEX|2003 JPOLE/TELEX
2003 TELEX|2003 TELEX
2010 DBO|2010 DBO
2011 DBO|2011 DBO
2012 DBO|2012 DBO
2013 DBO|2013 DBO
2014 DBO|2014 DBO
2015 DBO|2015 DBO
HLY-03-01|HLY-03-01
HLY-06-01|HLY-06-01
HLY-07-01|HLY-07-01
HLY-07-02|HLY-07-02
HLY-08-01|HLY-08-01
HLY-08-02|HLY-08-02
HLY-08-03|HLY-08-03
HLY-09-01|HLY-09-01
HLY-09-02|HLY-09-02
Hurricane Emily|Hurricane Emily
KN195-10|KN195-10
PSEA-10-01|PSEA-10-01
TN-249|TN-249
TN-250|TN-250
AOS-94|AOS-94
AWS-02|AWS-02
HLY-02-01|HLY-02-01
HLY-02-03|HLY-02-03
HLY-03-03|HLY-03-03
HLY-04-02|HLY-04-02
HLY-04-03|HLY-04-03
HLY-04-04|HLY-04-04
Hurricane Dennis|Hurricane Dennis
Hurricane Gert|Hurricane Gert
Hurricane Katrina|Hurricane Katrina
Hurricane Ophelia|Hurricane Ophelia
Hurricane Rita|Hurricane Rita
Hurricane Wilma|Hurricane Wilma
HX-235|HX-235
HX-250|HX-250
HX-260|HX-260
HX-274|HX-274
HX-290|HX-290
NBP03-04a|NBP03-04a
1998 MOLAS|1998 MOLAS
BSIERP|BSIERP
USCGC Healy|USCGC Healy
Test Event 1|Test Event 1
Test Event 2|Test Event 2
