Albedo|Radiation
Magnetic Field|Magnetic Field
Paleoclimatology|Paleoclimatology
Abundance|Abundance
Accompanying Archives|Accompanying Archives
Active Layer/Permafrost|Active Layer/Permafrost
Aerosols|Aerosols
Air Force C-130|Aircraft
Aircraft|Aircraft
Citation|Aircraft
DLR Falcon|Aircraft
DOE Gulf Stream 1 (G-1)|Aircraft
Mystere|Aircraft
NASA DC-8|Aircraft
NASA Jetstream 31|Aircraft
NASA Langley B200 (King Air)|Aircraft
NASA Proteus|Aircraft
NSF/NCAR GV HIAPER|Aircraft
NOAA G-IV|Aircraft
NOAA P-3 (N42)|Aircraft
NOAA P-3 (N43)|Aircraft
NRL P-3|Aircraft
NSF/NCAR C-130|Aircraft
UK BAE-146|Aircraft
USFS Twin Otter|Aircraft
Microlight Research|Aircraft
WMI Lear|Aircraft
WY King Air|Aircraft
UAV|Aircraft
NERC Dornier 228|Aircraft
CIRPAS Twin Otter|Aircraft
DOTSTAR ASTRA|Aircraft
SPEC Learjet|Aircraft
CNES Falcon|Aircraft
NOAA Twin Otter|Aircraft
SUNY-Stony Brook Long-EZ|Aircraft
Purdue University Beechcraft 76 Duchess|Aircraft
NASA Global Hawk|Aircraft
SAFIRE Falcon 20|Aircraft
UMD Cessna 402B|Aircraft
NASA WB-57|Aircraft
NRC Convair 580|Aircraft
Honeywell B757|Aircraft
2003-14|Aircraft
Accompanying Archives|Accompanying Archives
Ancillary|Ancillary Info
ArcticRIMS|Accompanying Archives
Canadian Archipelago Throughflow Study (CATS)|Accompanying Archives
Carbon Dioxide Information Analysis Center (CDIAC)|Accompanying Archives
Bathymetry|Bathymetry
Benthos|Benthos
Biogeochemical|Biogeochemical
Biology|Biology
Biomass|Biomass
Boundary Layer Meteorology|Boundary Layer Meteorology
Buoy|Buoy
Chemistry|Chemistry
Chlorophyll|Chlorophyll
DEM|DEM
Ecology|Ecology
Fish|Oceanography
Flux Tower|Flux
Flux|Flux
Forecast Text Products|Meteorology
Google Earth|GIS
Human Health|Human Health
Hydrography|Hydrography
Hydrology|Hydrology
Intercomparison|Precipitation
Land Based|Land Based
Land Characterization|Land Character
Land Based Lightning|Lightning
Lightning|Lightning
Local and Traditional Knowledge|Local and Traditional Knowledge
Macrofauna|Biology
Mammals|Mammals
Marine Mammals|Mammals
Marine Mammal Watch|Mammals
Marine Mammal Survey|Mammals
Marine Mammal Acoustics|Mammals
Mesonet|Mesonet
Meteorology|Meteorology
Microbiology|Biology
Model|Model
Navigation|Ship Based
Nutrient|Nutrient
Oceanography|Oceanography
Optics|Optics
Paleoceanography|Paleoceanography
Aerial Photography|Photography
Photography|Photography
Phytoplankton|Plankton
Plankton|Plankton
Position|Position
Precipitation|Precipitation
Production|Production
Profiler|Upper Air
Radar|Radar
Radiation|Radiation
Short Wave Radiation|Radiation
Radioisotope|Radioisotope
AQUA|Satellite
Aura|Satellite
CALIPSO|Satellite
CloudSat|Satellite
DMSP|Satellite
ENVISAT|Satellite
ERS|Satellite
GOES|Satellite
INSAT|Satellite
LANDSAT|Satellite
Meteosat|Satellite
POES|Satellite
QuikSCAT|Satellite
RADARSAT|Satellite
SAR|Satellite
SeaWIFS|Satellite
TERRA|Satellite
TRMM|Satellite
PARASOL|Satellite
GFO|Satellite
MTSAT|Satellite
TOPEX|Satellite
JASON|Satellite
WindSat|Satellite
MetOp|Satellite
COSMIC|Satellite
AMSR-E|Satellite
ASCAT|Satellite
Satellite:OPC|Satellite
Kalpana-1|Satellite
Satellite|Satellite
Sea Ice|Sea Ice
Seabirds|Seabirds
Sediment|Sediment
CCGS Des Groseilliers|Ship
R/V Alpha Helix|Ship
R/V Altair|Ship
R/V El Puma|Ship
R/V Francisco de Ulloa|Ship
R/V Nathaniel B. Palmer|Ship
R/V New Horizon|Ship
R/V Roger Revelle|Ship
NOAA R/V Ron Brown|Ship
R/VSagarKanya|Ship
R/V Seward Johnson|Ship
Submarine|Ship
USCGC Healy|Ship
USCGC Polar Star|Ship
USS Burton Island|Ship
IMARPE R/V Jose Olaya|Ship
R/V Mirai|Ship
R/V Baruna Jaya|Ship
R/V Investigator|Ship
RSV Aurora Australis|Ship
Annika Marie|Ship
USCGC Healy|Ship
F/V Mystery Bay|Ship
Westward Wind|Ship
Professor Khromov|Ship
Araon|Ship
R/V Aquila|Ship
Fairweather|Ship
Mirai|Ship
CCGS Sir Wilfrid Laurier|Ship
Xuelong|Ship
Norseman II|Ship
I/B Oden|Ship
Alaska Endeavor|Ship
Oscar Dyson|Ship
CCGS Louis S. St-Laurent|Ship
CCGS Amundsen|Ship
R/V Moana Wave|Ship
Alaskan Enterprise|Ship
Oshura-Maru|Ship
Alaskan Explorer|Ship
NOAA Ronald H. Brown|Ship
Viktor Buynitskiy|Ship
R/V Bristol Explorer|Ship
R/V Cape Flattery|Ship
Ship Based|Ship Based
Snow|Snow and Land Ice
Snow and Land Ice|Snow and Land Ice
Land Ice|Snow and Land Ice
Soils|Soils
Sounding Composites|Upper Air
Stable Isotope|Stable Isotope
Terrestrial Ecosystems|Terrestrial Ecosystems
Trace Gases|Trace Gases
Underway|Ship Based
Constant Level Balloon|Upper Air
Dropsonde|Upper Air
GPS|Upper Air
Lidar|Upper Air
Ozonesonde|Upper Air
Radiosonde|Upper Air
SODAR|Upper Air
Tethersonde|Upper Air
Thermosonde|Upper Air
Upper Air|Upper Air
Driftsonde|Upper Air
OPCsonde|Upper Air
Radiometer|Upper Air
Vegetation|Vegetation
Water Chemistry|Water Chemistry
Zooplankton|Plankton
